placement,n_active,dissipation_model,dissipation_label,p_routing_raw_mean,p_routing_raw_std,p_routing_raw_count,p_maint_raw_mean,p_maint_raw_std,p_maint_raw_count,p_diss_raw_mean,p_diss_raw_std,p_diss_raw_count,p_routing,p_maint,p_diss,j_thermo
random,5,sum_load_1p5,$\sum load^{1.5}$,3.9638,0.23125799445640827,5,11.25,0.0,5,48004.41286200051,4405.625245476991,5,3.9638,56.25,48.00441286200051,108.21821286200051
random,10,sum_load_1p5,$\sum load^{1.5}$,3.1879599999999995,0.044982307633112735,5,22.5,0.0,5,32526.519678700522,317.90782843025875,5,3.1879599999999995,112.5,32.526519678700524,148.2144796787005
random,20,sum_load_1p5,$\sum load^{1.5}$,2.6096,0.05155734671218045,5,45.0,0.0,5,22449.605519054912,719.2313434411539,5,2.6096,225.0,22.449605519054913,250.0592055190549
targeted,5,sum_load_1p5,$\sum load^{1.5}$,4.01268,0.04270142854753191,5,11.25,0.0,5,47457.57605647482,1182.1287948935785,5,4.01268,56.25,47.45757605647482,107.72025605647482
targeted,10,sum_load_1p5,$\sum load^{1.5}$,3.46344,0.05558532180351179,5,22.5,0.0,5,37534.927326395016,687.7870118518935,5,3.46344,112.5,37.534927326395014,153.49836732639503
targeted,20,sum_load_1p5,$\sum load^{1.5}$,2.73268,0.12262060185792592,5,45.0,0.0,5,24834.83174414759,1510.1002829265879,5,2.73268,225.0,24.83483174414759,252.56751174414757
