placement,n_active,dissipation_model,dissipation_label,p_routing_raw_mean,p_routing_raw_std,p_routing_raw_count,p_maint_raw_mean,p_maint_raw_std,p_maint_raw_count,p_diss_raw_mean,p_diss_raw_std,p_diss_raw_count,p_routing,p_maint,p_diss,j_thermo
random,5,max_load,$\max(load)$,3.9638,0.23125799445640827,5,11.25,0.0,5,249.0,28.29310870159022,5,3.9638,56.25,0.249,60.4628
random,10,max_load,$\max(load)$,3.1879599999999995,0.044982307633112735,5,22.5,0.0,5,164.0,19.339079605813712,5,3.1879599999999995,112.5,0.164,115.85196
random,20,max_load,$\max(load)$,2.6096,0.05155734671218045,5,45.0,0.0,5,131.0,16.201851746019646,5,2.6096,225.0,0.131,227.7406
targeted,5,max_load,$\max(load)$,4.01268,0.04270142854753191,5,11.25,0.0,5,217.2,30.39243326882532,5,4.01268,56.25,0.2172,60.47988
targeted,10,max_load,$\max(load)$,3.46344,0.05558532180351179,5,22.5,0.0,5,197.6,37.085037414029934,5,3.46344,112.5,0.1976,116.16104
targeted,20,max_load,$\max(load)$,2.73268,0.12262060185792592,5,45.0,0.0,5,128.6,12.381437719424998,5,2.73268,225.0,0.1286,227.86128
