placement,n_active,dissipation_model,dissipation_label,p_routing_raw_mean,p_routing_raw_std,p_routing_raw_count,p_maint_raw_mean,p_maint_raw_std,p_maint_raw_count,p_diss_raw_mean,p_diss_raw_std,p_diss_raw_count,p_routing,p_maint,p_diss,j_thermo
random,5,sum_load_cu,$\sum load^3$,3.9638,0.23125799445640827,5,11.25,0.0,5,102657042.0,24011993.121455662,5,3.9638,56.25,102657.042,102717.2558
random,10,sum_load_cu,$\sum load^3$,3.1879599999999995,0.044982307633112735,5,22.5,0.0,5,34696272.2,4811431.227033044,5,3.1879599999999995,112.5,34696.27220000001,34811.96016000001
random,20,sum_load_cu,$\sum load^3$,2.6096,0.05155734671218045,5,45.0,0.0,5,13226257.4,1289963.3668667881,5,2.6096,225.0,13226.2574,13453.867
targeted,5,sum_load_cu,$\sum load^3$,4.01268,0.04270142854753191,5,11.25,0.0,5,85820033.8,12208791.645515159,5,4.01268,56.25,85820.0338,85880.29648
targeted,10,sum_load_cu,$\sum load^3$,3.46344,0.05558532180351179,5,22.5,0.0,5,50957214.8,7234919.722077171,5,3.46344,112.5,50957.2148,51073.17824
targeted,20,sum_load_cu,$\sum load^3$,2.73268,0.12262060185792592,5,45.0,0.0,5,17136515.2,2236919.063446798,5,2.73268,225.0,17136.515199999998,17364.24788
