placement,n_active,dissipation_model,dissipation_label,p_routing_raw_mean,p_routing_raw_std,p_routing_raw_count,p_maint_raw_mean,p_maint_raw_std,p_maint_raw_count,p_diss_raw_mean,p_diss_raw_std,p_diss_raw_count,p_routing,p_maint,p_diss,j_thermo
random,5,sum_load,$\sum load$,3.9638,0.23125799445640827,5,11.25,0.0,5,4072.8,215.64832482539722,5,3.9638,56.25,4.0728,64.28659999999999
random,10,sum_load,$\sum load$,3.1879599999999995,0.044982307633112735,5,22.5,0.0,5,3380.6,38.00394716341977,5,3.1879599999999995,112.5,3.3806,119.06856
random,20,sum_load,$\sum load$,2.6096,0.05155734671218045,5,45.0,0.0,5,2844.2,54.37554597427041,5,2.6096,225.0,2.8442,230.4538
targeted,5,sum_load,$\sum load$,4.01268,0.04270142854753191,5,11.25,0.0,5,4126.6,42.51235114646083,5,4.01268,56.25,4.126600000000001,64.38928
targeted,10,sum_load,$\sum load$,3.46344,0.05558532180351179,5,22.5,0.0,5,3665.6,42.90454521376489,5,3.46344,112.5,3.6656,119.62904
targeted,20,sum_load,$\sum load$,2.73268,0.12262060185792592,5,45.0,0.0,5,2998.0,109.77476941446973,5,2.73268,225.0,2.998,230.73067999999998
