placement,n_active,dissipation_model,dissipation_label,p_routing_raw_mean,p_routing_raw_std,p_routing_raw_count,p_maint_raw_mean,p_maint_raw_std,p_maint_raw_count,p_diss_raw_mean,p_diss_raw_std,p_diss_raw_count,p_routing,p_maint,p_diss,j_thermo
random,5,std_load,$std(load)$,3.9638,0.23125799445640827,5,11.25,0.0,5,58.13077910993678,7.126419449576636,5,3.9638,56.25,0.05813077910993678,60.27193077910994
random,10,std_load,$std(load)$,3.1879599999999995,0.044982307633112735,5,22.5,0.0,5,29.75206651072302,6.782529334760932,5,3.1879599999999995,112.5,0.02975206651072302,115.71771206651073
random,20,std_load,$std(load)$,2.6096,0.05155734671218045,5,45.0,0.0,5,20.306910461652215,1.6224162160339328,5,2.6096,225.0,0.020306910461652217,227.62990691046164
targeted,5,std_load,$std(load)$,4.01268,0.04270142854753191,5,11.25,0.0,5,46.26677855938553,8.474841045259081,5,4.01268,56.25,0.04626677855938553,60.30894677855939
targeted,10,std_load,$std(load)$,3.46344,0.05558532180351179,5,22.5,0.0,5,39.80860358508004,6.004694060269887,5,3.46344,112.5,0.039808603585080045,116.00324860358509
targeted,20,std_load,$std(load)$,2.73268,0.12262060185792592,5,45.0,0.0,5,25.647569255022326,2.135541883467093,5,2.73268,225.0,0.025647569255022325,227.75832756925502
