dissipation_model,random_n05,random_n10,random_n20,targeted_n05,targeted_n10,targeted_n20
max_load,60.4628,115.85196,227.7406,60.47988,116.16104,227.86128
std_load,60.27193077910994,115.71771206651073,227.62990691046164,60.30894677855939,116.00324860358509,227.75832756925502
sum_load,64.28659999999999,119.06856,230.4538,64.38928,119.62904,230.73067999999998
sum_load_1p5,108.21821286200051,148.2144796787005,250.0592055190549,107.72025605647482,153.49836732639503,252.56751174414757
sum_load_cu,102717.2558,34811.96016000001,13453.867,85880.29648,51073.17824,17364.24788
sum_load_sq,654.9046000000001,438.30776000000003,410.1702,623.7744800000002,516.4586400000001,440.75788
