placement,n_active,dissipation_model,dissipation_label,p_routing_raw_mean,p_routing_raw_std,p_routing_raw_count,p_maint_raw_mean,p_maint_raw_std,p_maint_raw_count,p_diss_raw_mean,p_diss_raw_std,p_diss_raw_count,p_routing,p_maint,p_diss,j_thermo
random,5,sum_load_sq,$\sum load^2$,3.9638,0.23125799445640827,5,11.25,0.0,5,594690.8,80568.58179960724,5,3.9638,56.25,594.6908000000001,654.9046000000001
random,10,sum_load_sq,$\sum load^2$,3.1879599999999995,0.044982307633112735,5,22.5,0.0,5,322619.8,12230.243239608932,5,3.1879599999999995,112.5,322.6198,438.30776000000003
random,20,sum_load_sq,$\sum load^2$,2.6096,0.05155734671218045,5,45.0,0.0,5,182560.6,8895.256280737503,5,2.6096,225.0,182.56060000000002,410.1702
targeted,5,sum_load_sq,$\sum load^2$,4.01268,0.04270142854753191,5,11.25,0.0,5,563511.8,31050.75141924909,5,4.01268,56.25,563.5118000000001,623.7744800000002
targeted,10,sum_load_sq,$\sum load^2$,3.46344,0.05558532180351179,5,22.5,0.0,5,400495.2,18083.98880778242,5,3.46344,112.5,400.4952,516.4586400000001
targeted,20,sum_load_sq,$\sum load^2$,2.73268,0.12262060185792592,5,45.0,0.0,5,213025.2,18064.96384441441,5,2.73268,225.0,213.0252,440.75788
